,support,itemsets
0,0.4341534008683068,frozenset([u'Microsoft.Network/networkInterfaces'])
1,0.2503617945007236,frozenset([u'Microsoft.Compute/virtualMachines/extensions'])
2,0.47901591895803186,frozenset([u'Microsoft.Network/publicIPAddresses'])
3,0.17221418234442837,frozenset([u'Microsoft.Network/networkSecurityGroups'])
4,0.48191027496382055,frozenset([u'Microsoft.Network/virtualNetworks'])
5,0.1085383502170767,frozenset([u'Microsoft.Network/loadBalancers'])
6,0.39363241678726485,frozenset([u'Microsoft.Storage/storageAccounts'])
7,0.08104196816208394,frozenset([u'extensions'])
8,0.18668596237337193,frozenset([u'Microsoft.Resources/deployments'])
9,0.09696092619392185,frozenset([u'Microsoft.Compute/availabilitySets'])
10,0.40520984081041966,frozenset([u'Microsoft.Compute/virtualMachines'])
11,0.22286541244573083,"frozenset([u'Microsoft.Compute/virtualMachines/extensions', u'Microsoft.Network/networkInterfaces'])"
12,0.402315484804631,"frozenset([u'Microsoft.Network/publicIPAddresses', u'Microsoft.Network/networkInterfaces'])"
13,0.14616497829232997,"frozenset([u'Microsoft.Network/networkSecurityGroups', u'Microsoft.Network/networkInterfaces'])"
14,0.3704775687409551,"frozenset([u'Microsoft.Network/virtualNetworks', u'Microsoft.Network/networkInterfaces'])"
15,0.3125904486251809,"frozenset([u'Microsoft.Network/networkInterfaces', u'Microsoft.Storage/storageAccounts'])"
16,0.07670043415340087,"frozenset([u'extensions', u'Microsoft.Network/networkInterfaces'])"
17,0.09406657018813314,"frozenset([u'Microsoft.Network/networkInterfaces', u'Microsoft.Compute/availabilitySets'])"
18,0.40520984081041966,"frozenset([u'Microsoft.Network/networkInterfaces', u'Microsoft.Compute/virtualMachines'])"
19,0.2141823444283647,"frozenset([u'Microsoft.Compute/virtualMachines/extensions', u'Microsoft.Network/publicIPAddresses'])"
20,0.07814761215629522,"frozenset([u'Microsoft.Compute/virtualMachines/extensions', u'Microsoft.Network/networkSecurityGroups'])"
21,0.19826338639652677,"frozenset([u'Microsoft.Compute/virtualMachines/extensions', u'Microsoft.Network/virtualNetworks'])"
22,0.16931982633863965,"frozenset([u'Microsoft.Compute/virtualMachines/extensions', u'Microsoft.Storage/storageAccounts'])"
23,0.2170767004341534,"frozenset([u'Microsoft.Compute/virtualMachines/extensions', u'Microsoft.Compute/virtualMachines'])"
24,0.15195369030390737,"frozenset([u'Microsoft.Network/publicIPAddresses', u'Microsoft.Network/networkSecurityGroups'])"
25,0.4341534008683068,"frozenset([u'Microsoft.Network/publicIPAddresses', u'Microsoft.Network/virtualNetworks'])"
26,0.10564399421128799,"frozenset([u'Microsoft.Network/publicIPAddresses', u'Microsoft.Network/loadBalancers'])"
27,0.32127351664254705,"frozenset([u'Microsoft.Network/publicIPAddresses', u'Microsoft.Storage/storageAccounts'])"
28,0.07525325615050651,"frozenset([u'Microsoft.Network/publicIPAddresses', u'extensions'])"
29,0.07814761215629522,"frozenset([u'Microsoft.Network/publicIPAddresses', u'Microsoft.Compute/availabilitySets'])"
30,0.3921852387843705,"frozenset([u'Microsoft.Network/publicIPAddresses', u'Microsoft.Compute/virtualMachines'])"
31,0.1548480463096961,"frozenset([u'Microsoft.Network/networkSecurityGroups', u'Microsoft.Network/virtualNetworks'])"
32,0.12445730824891461,"frozenset([u'Microsoft.Network/networkSecurityGroups', u'Microsoft.Storage/storageAccounts'])"
33,0.14037626628075253,"frozenset([u'Microsoft.Network/networkSecurityGroups', u'Microsoft.Compute/virtualMachines'])"
34,0.09696092619392185,"frozenset([u'Microsoft.Network/virtualNetworks', u'Microsoft.Network/loadBalancers'])"
35,0.3125904486251809,"frozenset([u'Microsoft.Network/virtualNetworks', u'Microsoft.Storage/storageAccounts'])"
36,0.07091172214182344,"frozenset([u'Microsoft.Network/virtualNetworks', u'extensions'])"
37,0.07091172214182344,"frozenset([u'Microsoft.Network/virtualNetworks', u'Microsoft.Compute/availabilitySets'])"
38,0.3589001447178003,"frozenset([u'Microsoft.Network/virtualNetworks', u'Microsoft.Compute/virtualMachines'])"
39,0.3053545586107091,"frozenset([u'Microsoft.Compute/virtualMachines', u'Microsoft.Storage/storageAccounts'])"
40,0.07670043415340087,"frozenset([u'extensions', u'Microsoft.Compute/virtualMachines'])"
41,0.08393632416787265,"frozenset([u'Microsoft.Compute/availabilitySets', u'Microsoft.Compute/virtualMachines'])"
42,0.2141823444283647,"frozenset([u'Microsoft.Compute/virtualMachines/extensions', u'Microsoft.Network/publicIPAddresses', u'Microsoft.Network/networkInterfaces'])"
43,0.07814761215629522,"frozenset([u'Microsoft.Compute/virtualMachines/extensions', u'Microsoft.Network/networkSecurityGroups', u'Microsoft.Network/networkInterfaces'])"
44,0.19826338639652677,"frozenset([u'Microsoft.Compute/virtualMachines/extensions', u'Microsoft.Network/virtualNetworks', u'Microsoft.Network/networkInterfaces'])"
45,0.16931982633863965,"frozenset([u'Microsoft.Compute/virtualMachines/extensions', u'Microsoft.Network/networkInterfaces', u'Microsoft.Storage/storageAccounts'])"
46,0.2170767004341534,"frozenset([u'Microsoft.Compute/virtualMachines/extensions', u'Microsoft.Network/networkInterfaces', u'Microsoft.Compute/virtualMachines'])"
47,0.1447178002894356,"frozenset([u'Microsoft.Network/publicIPAddresses', u'Microsoft.Network/networkInterfaces', u'Microsoft.Network/networkSecurityGroups'])"
48,0.36324167872648333,"frozenset([u'Microsoft.Network/virtualNetworks', u'Microsoft.Network/publicIPAddresses', u'Microsoft.Network/networkInterfaces'])"
49,0.3053545586107091,"frozenset([u'Microsoft.Network/publicIPAddresses', u'Microsoft.Network/networkInterfaces', u'Microsoft.Storage/storageAccounts'])"
50,0.07525325615050651,"frozenset([u'Microsoft.Network/networkInterfaces', u'Microsoft.Network/publicIPAddresses', u'extensions'])"
51,0.07814761215629522,"frozenset([u'Microsoft.Network/networkInterfaces', u'Microsoft.Network/publicIPAddresses', u'Microsoft.Compute/availabilitySets'])"
52,0.3921852387843705,"frozenset([u'Microsoft.Network/publicIPAddresses', u'Microsoft.Network/networkInterfaces', u'Microsoft.Compute/virtualMachines'])"
53,0.13603473227206947,"frozenset([u'Microsoft.Network/virtualNetworks', u'Microsoft.Network/networkSecurityGroups', u'Microsoft.Network/networkInterfaces'])"
54,0.11432706222865413,"frozenset([u'Microsoft.Network/networkSecurityGroups', u'Microsoft.Network/networkInterfaces', u'Microsoft.Storage/storageAccounts'])"
55,0.14037626628075253,"frozenset([u'Microsoft.Network/networkSecurityGroups', u'Microsoft.Network/networkInterfaces', u'Microsoft.Compute/virtualMachines'])"
56,0.28509406657018815,"frozenset([u'Microsoft.Network/virtualNetworks', u'Microsoft.Network/networkInterfaces', u'Microsoft.Storage/storageAccounts'])"
57,0.07091172214182344,"frozenset([u'extensions', u'Microsoft.Network/virtualNetworks', u'Microsoft.Network/networkInterfaces'])"
58,0.07091172214182344,"frozenset([u'Microsoft.Network/networkInterfaces', u'Microsoft.Network/virtualNetworks', u'Microsoft.Compute/availabilitySets'])"
59,0.3589001447178003,"frozenset([u'Microsoft.Network/virtualNetworks', u'Microsoft.Network/networkInterfaces', u'Microsoft.Compute/virtualMachines'])"
60,0.3053545586107091,"frozenset([u'Microsoft.Network/networkInterfaces', u'Microsoft.Storage/storageAccounts', u'Microsoft.Compute/virtualMachines'])"
61,0.07670043415340087,"frozenset([u'extensions', u'Microsoft.Network/networkInterfaces', u'Microsoft.Compute/virtualMachines'])"
62,0.08393632416787265,"frozenset([u'Microsoft.Network/networkInterfaces', u'Microsoft.Compute/availabilitySets', u'Microsoft.Compute/virtualMachines'])"
63,0.07814761215629522,"frozenset([u'Microsoft.Compute/virtualMachines/extensions', u'Microsoft.Network/publicIPAddresses', u'Microsoft.Network/networkSecurityGroups'])"
64,0.19681620839363242,"frozenset([u'Microsoft.Compute/virtualMachines/extensions', u'Microsoft.Network/publicIPAddresses', u'Microsoft.Network/virtualNetworks'])"
65,0.16642547033285093,"frozenset([u'Microsoft.Compute/virtualMachines/extensions', u'Microsoft.Network/publicIPAddresses', u'Microsoft.Storage/storageAccounts'])"
66,0.21128798842257598,"frozenset([u'Microsoft.Compute/virtualMachines/extensions', u'Microsoft.Network/publicIPAddresses', u'Microsoft.Compute/virtualMachines'])"
67,0.07380607814761216,"frozenset([u'Microsoft.Compute/virtualMachines/extensions', u'Microsoft.Network/networkSecurityGroups', u'Microsoft.Network/virtualNetworks'])"
68,0.07525325615050651,"frozenset([u'Microsoft.Compute/virtualMachines/extensions', u'Microsoft.Network/networkSecurityGroups', u'Microsoft.Compute/virtualMachines'])"
69,0.15629522431259044,"frozenset([u'Microsoft.Compute/virtualMachines/extensions', u'Microsoft.Network/virtualNetworks', u'Microsoft.Storage/storageAccounts'])"
70,0.1939218523878437,"frozenset([u'Microsoft.Compute/virtualMachines/extensions', u'Microsoft.Network/virtualNetworks', u'Microsoft.Compute/virtualMachines'])"
71,0.16353111432706222,"frozenset([u'Microsoft.Compute/virtualMachines/extensions', u'Microsoft.Compute/virtualMachines', u'Microsoft.Storage/storageAccounts'])"
72,0.14327062228654125,"frozenset([u'Microsoft.Network/publicIPAddresses', u'Microsoft.Network/virtualNetworks', u'Microsoft.Network/networkSecurityGroups'])"
73,0.11577424023154848,"frozenset([u'Microsoft.Network/publicIPAddresses', u'Microsoft.Network/networkSecurityGroups', u'Microsoft.Storage/storageAccounts'])"
74,0.14037626628075253,"frozenset([u'Microsoft.Network/publicIPAddresses', u'Microsoft.Network/networkSecurityGroups', u'Microsoft.Compute/virtualMachines'])"
75,0.09406657018813314,"frozenset([u'Microsoft.Network/publicIPAddresses', u'Microsoft.Network/virtualNetworks', u'Microsoft.Network/loadBalancers'])"
76,0.2937771345875543,"frozenset([u'Microsoft.Network/publicIPAddresses', u'Microsoft.Network/virtualNetworks', u'Microsoft.Storage/storageAccounts'])"
77,0.07091172214182344,"frozenset([u'Microsoft.Network/virtualNetworks', u'Microsoft.Network/publicIPAddresses', u'extensions'])"
78,0.3545586107091172,"frozenset([u'Microsoft.Network/publicIPAddresses', u'Microsoft.Network/virtualNetworks', u'Microsoft.Compute/virtualMachines'])"
79,0.30101302460202606,"frozenset([u'Microsoft.Network/publicIPAddresses', u'Microsoft.Compute/virtualMachines', u'Microsoft.Storage/storageAccounts'])"
80,0.07525325615050651,"frozenset([u'Microsoft.Network/publicIPAddresses', u'extensions', u'Microsoft.Compute/virtualMachines'])"
81,0.07814761215629522,"frozenset([u'Microsoft.Network/publicIPAddresses', u'Microsoft.Compute/availabilitySets', u'Microsoft.Compute/virtualMachines'])"
82,0.11432706222865413,"frozenset([u'Microsoft.Network/networkSecurityGroups', u'Microsoft.Network/virtualNetworks', u'Microsoft.Storage/storageAccounts'])"
83,0.1316931982633864,"frozenset([u'Microsoft.Network/networkSecurityGroups', u'Microsoft.Network/virtualNetworks', u'Microsoft.Compute/virtualMachines'])"
84,0.10998552821997105,"frozenset([u'Microsoft.Network/networkSecurityGroups', u'Microsoft.Compute/virtualMachines', u'Microsoft.Storage/storageAccounts'])"
85,0.2793053545586107,"frozenset([u'Microsoft.Network/virtualNetworks', u'Microsoft.Compute/virtualMachines', u'Microsoft.Storage/storageAccounts'])"
86,0.07091172214182344,"frozenset([u'Microsoft.Network/virtualNetworks', u'extensions', u'Microsoft.Compute/virtualMachines'])"
87,0.07091172214182344,"frozenset([u'Microsoft.Network/virtualNetworks', u'Microsoft.Compute/availabilitySets', u'Microsoft.Compute/virtualMachines'])"
88,0.07814761215629522,"frozenset([u'Microsoft.Compute/virtualMachines/extensions', u'Microsoft.Network/publicIPAddresses', u'Microsoft.Network/networkInterfaces', u'Microsoft.Network/networkSecurityGroups'])"
89,0.19681620839363242,"frozenset([u'Microsoft.Compute/virtualMachines/extensions', u'Microsoft.Network/virtualNetworks', u'Microsoft.Network/publicIPAddresses', u'Microsoft.Network/networkInterfaces'])"
90,0.16642547033285093,"frozenset([u'Microsoft.Compute/virtualMachines/extensions', u'Microsoft.Network/publicIPAddresses', u'Microsoft.Network/networkInterfaces', u'Microsoft.Storage/storageAccounts'])"
91,0.21128798842257598,"frozenset([u'Microsoft.Compute/virtualMachines/extensions', u'Microsoft.Network/publicIPAddresses', u'Microsoft.Network/networkInterfaces', u'Microsoft.Compute/virtualMachines'])"
92,0.07380607814761216,"frozenset([u'Microsoft.Compute/virtualMachines/extensions', u'Microsoft.Network/virtualNetworks', u'Microsoft.Network/networkSecurityGroups', u'Microsoft.Network/networkInterfaces'])"
93,0.07525325615050651,"frozenset([u'Microsoft.Compute/virtualMachines/extensions', u'Microsoft.Network/networkSecurityGroups', u'Microsoft.Network/networkInterfaces', u'Microsoft.Compute/virtualMachines'])"
94,0.15629522431259044,"frozenset([u'Microsoft.Compute/virtualMachines/extensions', u'Microsoft.Network/virtualNetworks', u'Microsoft.Network/networkInterfaces', u'Microsoft.Storage/storageAccounts'])"
95,0.1939218523878437,"frozenset([u'Microsoft.Compute/virtualMachines/extensions', u'Microsoft.Network/virtualNetworks', u'Microsoft.Network/networkInterfaces', u'Microsoft.Compute/virtualMachines'])"
96,0.16353111432706222,"frozenset([u'Microsoft.Compute/virtualMachines/extensions', u'Microsoft.Network/networkInterfaces', u'Microsoft.Storage/storageAccounts', u'Microsoft.Compute/virtualMachines'])"
97,0.13603473227206947,"frozenset([u'Microsoft.Network/virtualNetworks', u'Microsoft.Network/publicIPAddresses', u'Microsoft.Network/networkInterfaces', u'Microsoft.Network/networkSecurityGroups'])"
98,0.11432706222865413,"frozenset([u'Microsoft.Network/publicIPAddresses', u'Microsoft.Network/networkInterfaces', u'Microsoft.Network/networkSecurityGroups', u'Microsoft.Storage/storageAccounts'])"
99,0.14037626628075253,"frozenset([u'Microsoft.Network/publicIPAddresses', u'Microsoft.Network/networkInterfaces', u'Microsoft.Network/networkSecurityGroups', u'Microsoft.Compute/virtualMachines'])"
100,0.2821997105643994,"frozenset([u'Microsoft.Network/virtualNetworks', u'Microsoft.Network/publicIPAddresses', u'Microsoft.Network/networkInterfaces', u'Microsoft.Storage/storageAccounts'])"
101,0.07091172214182344,"frozenset([u'Microsoft.Network/networkInterfaces', u'Microsoft.Network/publicIPAddresses', u'Microsoft.Network/virtualNetworks', u'extensions'])"
102,0.3545586107091172,"frozenset([u'Microsoft.Network/virtualNetworks', u'Microsoft.Network/publicIPAddresses', u'Microsoft.Network/networkInterfaces', u'Microsoft.Compute/virtualMachines'])"
103,0.30101302460202606,"frozenset([u'Microsoft.Network/publicIPAddresses', u'Microsoft.Network/networkInterfaces', u'Microsoft.Storage/storageAccounts', u'Microsoft.Compute/virtualMachines'])"
104,0.07525325615050651,"frozenset([u'Microsoft.Network/networkInterfaces', u'Microsoft.Network/publicIPAddresses', u'extensions', u'Microsoft.Compute/virtualMachines'])"
105,0.07814761215629522,"frozenset([u'Microsoft.Network/networkInterfaces', u'Microsoft.Network/publicIPAddresses', u'Microsoft.Compute/availabilitySets', u'Microsoft.Compute/virtualMachines'])"
106,0.10709117221418235,"frozenset([u'Microsoft.Network/virtualNetworks', u'Microsoft.Network/networkSecurityGroups', u'Microsoft.Network/networkInterfaces', u'Microsoft.Storage/storageAccounts'])"
107,0.1316931982633864,"frozenset([u'Microsoft.Network/virtualNetworks', u'Microsoft.Network/networkSecurityGroups', u'Microsoft.Network/networkInterfaces', u'Microsoft.Compute/virtualMachines'])"
108,0.10998552821997105,"frozenset([u'Microsoft.Network/networkSecurityGroups', u'Microsoft.Network/networkInterfaces', u'Microsoft.Storage/storageAccounts', u'Microsoft.Compute/virtualMachines'])"
109,0.2793053545586107,"frozenset([u'Microsoft.Network/virtualNetworks', u'Microsoft.Network/networkInterfaces', u'Microsoft.Storage/storageAccounts', u'Microsoft.Compute/virtualMachines'])"
110,0.07091172214182344,"frozenset([u'extensions', u'Microsoft.Network/virtualNetworks', u'Microsoft.Network/networkInterfaces', u'Microsoft.Compute/virtualMachines'])"
111,0.07091172214182344,"frozenset([u'Microsoft.Network/networkInterfaces', u'Microsoft.Network/virtualNetworks', u'Microsoft.Compute/availabilitySets', u'Microsoft.Compute/virtualMachines'])"
112,0.07380607814761216,"frozenset([u'Microsoft.Compute/virtualMachines/extensions', u'Microsoft.Network/publicIPAddresses', u'Microsoft.Network/virtualNetworks', u'Microsoft.Network/networkSecurityGroups'])"
113,0.07525325615050651,"frozenset([u'Microsoft.Compute/virtualMachines/extensions', u'Microsoft.Network/publicIPAddresses', u'Microsoft.Network/networkSecurityGroups', u'Microsoft.Compute/virtualMachines'])"
114,0.1548480463096961,"frozenset([u'Microsoft.Compute/virtualMachines/extensions', u'Microsoft.Network/publicIPAddresses', u'Microsoft.Network/virtualNetworks', u'Microsoft.Storage/storageAccounts'])"
115,0.1939218523878437,"frozenset([u'Microsoft.Compute/virtualMachines/extensions', u'Microsoft.Network/publicIPAddresses', u'Microsoft.Network/virtualNetworks', u'Microsoft.Compute/virtualMachines'])"
116,0.16353111432706222,"frozenset([u'Microsoft.Compute/virtualMachines/extensions', u'Microsoft.Network/publicIPAddresses', u'Microsoft.Compute/virtualMachines', u'Microsoft.Storage/storageAccounts'])"
117,0.07091172214182344,"frozenset([u'Microsoft.Compute/virtualMachines/extensions', u'Microsoft.Network/networkSecurityGroups', u'Microsoft.Network/virtualNetworks', u'Microsoft.Compute/virtualMachines'])"
118,0.15195369030390737,"frozenset([u'Microsoft.Compute/virtualMachines/extensions', u'Microsoft.Network/virtualNetworks', u'Microsoft.Compute/virtualMachines', u'Microsoft.Storage/storageAccounts'])"
119,0.1085383502170767,"frozenset([u'Microsoft.Network/publicIPAddresses', u'Microsoft.Network/virtualNetworks', u'Microsoft.Network/networkSecurityGroups', u'Microsoft.Storage/storageAccounts'])"
120,0.1316931982633864,"frozenset([u'Microsoft.Network/publicIPAddresses', u'Microsoft.Network/virtualNetworks', u'Microsoft.Network/networkSecurityGroups', u'Microsoft.Compute/virtualMachines'])"
121,0.10998552821997105,"frozenset([u'Microsoft.Network/publicIPAddresses', u'Microsoft.Network/networkSecurityGroups', u'Microsoft.Compute/virtualMachines', u'Microsoft.Storage/storageAccounts'])"
122,0.2778581765557164,"frozenset([u'Microsoft.Network/publicIPAddresses', u'Microsoft.Network/virtualNetworks', u'Microsoft.Compute/virtualMachines', u'Microsoft.Storage/storageAccounts'])"
123,0.07091172214182344,"frozenset([u'Microsoft.Network/virtualNetworks', u'Microsoft.Network/publicIPAddresses', u'extensions', u'Microsoft.Compute/virtualMachines'])"
124,0.10274963820549927,"frozenset([u'Microsoft.Network/networkSecurityGroups', u'Microsoft.Network/virtualNetworks', u'Microsoft.Compute/virtualMachines', u'Microsoft.Storage/storageAccounts'])"
125,0.07380607814761216,"frozenset([u'Microsoft.Compute/virtualMachines/extensions', u'Microsoft.Network/virtualNetworks', u'Microsoft.Network/publicIPAddresses', u'Microsoft.Network/networkInterfaces', u'Microsoft.Network/networkSecurityGroups'])"
126,0.07525325615050651,"frozenset([u'Microsoft.Compute/virtualMachines/extensions', u'Microsoft.Network/publicIPAddresses', u'Microsoft.Network/networkInterfaces', u'Microsoft.Network/networkSecurityGroups', u'Microsoft.Compute/virtualMachines'])"
127,0.1548480463096961,"frozenset([u'Microsoft.Compute/virtualMachines/extensions', u'Microsoft.Network/virtualNetworks', u'Microsoft.Network/publicIPAddresses', u'Microsoft.Network/networkInterfaces', u'Microsoft.Storage/storageAccounts'])"
128,0.1939218523878437,"frozenset([u'Microsoft.Compute/virtualMachines/extensions', u'Microsoft.Network/virtualNetworks', u'Microsoft.Network/publicIPAddresses', u'Microsoft.Network/networkInterfaces', u'Microsoft.Compute/virtualMachines'])"
129,0.16353111432706222,"frozenset([u'Microsoft.Compute/virtualMachines/extensions', u'Microsoft.Network/publicIPAddresses', u'Microsoft.Network/networkInterfaces', u'Microsoft.Storage/storageAccounts', u'Microsoft.Compute/virtualMachines'])"
130,0.07091172214182344,"frozenset([u'Microsoft.Compute/virtualMachines/extensions', u'Microsoft.Network/virtualNetworks', u'Microsoft.Network/networkSecurityGroups', u'Microsoft.Network/networkInterfaces', u'Microsoft.Compute/virtualMachines'])"
131,0.15195369030390737,"frozenset([u'Microsoft.Compute/virtualMachines/extensions', u'Microsoft.Network/virtualNetworks', u'Microsoft.Network/networkInterfaces', u'Microsoft.Storage/storageAccounts', u'Microsoft.Compute/virtualMachines'])"
132,0.10709117221418235,"frozenset([u'Microsoft.Network/virtualNetworks', u'Microsoft.Network/publicIPAddresses', u'Microsoft.Network/networkInterfaces', u'Microsoft.Network/networkSecurityGroups', u'Microsoft.Storage/storageAccounts'])"
133,0.1316931982633864,"frozenset([u'Microsoft.Network/virtualNetworks', u'Microsoft.Network/publicIPAddresses', u'Microsoft.Network/networkInterfaces', u'Microsoft.Network/networkSecurityGroups', u'Microsoft.Compute/virtualMachines'])"
134,0.10998552821997105,"frozenset([u'Microsoft.Network/networkSecurityGroups', u'Microsoft.Network/publicIPAddresses', u'Microsoft.Network/networkInterfaces', u'Microsoft.Storage/storageAccounts', u'Microsoft.Compute/virtualMachines'])"
135,0.2778581765557164,"frozenset([u'Microsoft.Network/virtualNetworks', u'Microsoft.Network/publicIPAddresses', u'Microsoft.Network/networkInterfaces', u'Microsoft.Storage/storageAccounts', u'Microsoft.Compute/virtualMachines'])"
136,0.07091172214182344,"frozenset([u'Microsoft.Network/networkInterfaces', u'Microsoft.Network/publicIPAddresses', u'Microsoft.Network/virtualNetworks', u'extensions', u'Microsoft.Compute/virtualMachines'])"
137,0.10274963820549927,"frozenset([u'Microsoft.Network/virtualNetworks', u'Microsoft.Network/networkSecurityGroups', u'Microsoft.Network/networkInterfaces', u'Microsoft.Storage/storageAccounts', u'Microsoft.Compute/virtualMachines'])"
138,0.07091172214182344,"frozenset([u'Microsoft.Compute/virtualMachines/extensions', u'Microsoft.Network/publicIPAddresses', u'Microsoft.Network/virtualNetworks', u'Microsoft.Network/networkSecurityGroups', u'Microsoft.Compute/virtualMachines'])"
139,0.15195369030390737,"frozenset([u'Microsoft.Compute/virtualMachines/extensions', u'Microsoft.Network/publicIPAddresses', u'Microsoft.Network/virtualNetworks', u'Microsoft.Compute/virtualMachines', u'Microsoft.Storage/storageAccounts'])"
140,0.10274963820549927,"frozenset([u'Microsoft.Network/virtualNetworks', u'Microsoft.Network/publicIPAddresses', u'Microsoft.Network/networkSecurityGroups', u'Microsoft.Compute/virtualMachines', u'Microsoft.Storage/storageAccounts'])"
141,0.07091172214182344,"frozenset([u'Microsoft.Compute/virtualMachines/extensions', u'Microsoft.Network/virtualNetworks', u'Microsoft.Network/publicIPAddresses', u'Microsoft.Network/networkSecurityGroups', u'Microsoft.Network/networkInterfaces', u'Microsoft.Compute/virtualMachines'])"
142,0.15195369030390737,"frozenset([u'Microsoft.Compute/virtualMachines/extensions', u'Microsoft.Network/virtualNetworks', u'Microsoft.Network/publicIPAddresses', u'Microsoft.Storage/storageAccounts', u'Microsoft.Network/networkInterfaces', u'Microsoft.Compute/virtualMachines'])"
143,0.10274963820549927,"frozenset([u'Microsoft.Network/virtualNetworks', u'Microsoft.Network/publicIPAddresses', u'Microsoft.Network/networkSecurityGroups', u'Microsoft.Storage/storageAccounts', u'Microsoft.Network/networkInterfaces', u'Microsoft.Compute/virtualMachines'])"
